precision,recall,f1-score,support
0.911062906724512,0.9813084112149533,0.9448818897637795,2568.0
0.7397959183673469,0.37084398976982097,0.4940374787052811,391.0
0.0,0.0,0.0,3.0
0.8875319880317959,0.899729912221472,0.8844109882130826,2962.0
